Age,Gender,Location_Geotag (city/town/pincode),Type_of_Institution,Course_Completion_Rate (%),Attendance_Rate (%),Scholarships_Awards (Yes/No),Current_Academic_Standing (GPA),Stipend_Allowance_Amount (₹/month),Allowance_Management_Pattern (₹),Internship_PartTime_Job_Income (₹/month),Education_Loan_History,Mobile_Recharge_Frequency (per month),Network_Diversity (no. of links),Language_Sentiment_Score,Daily_Mobile_Usage (hours/day),Ongoing_Certification_Courses,Achievement_Level,Student_Highlight,College_name,Median_Packages (LPA)
19,Female,Sholinganallur,Govt,81,74,Yes,7,9500,5500,3119,2x late,2,10,-0.97,2.87,2,2,Startup Founder,IIT M,12
25,Male,Tiruchirapalli,Private,81,74,Yes,9.98,8500,5500,3728,None,4,1,0.84,9.1,1,3,Startup Founder,Sathyabama,5.2
20,Male,Oragadam,Govt,55,69,Yes,8.97,13500,6500,2140,2x late,4,2,0.87,3.43,1,4,Innovator,NIT Trichy,9.2
22,Female,Thanjavur,Private,56,90,Yes,5.85,7000,7000,2240,2x late,4,6,0.3,7.54,3,2,Research Publication,VIT Vellore,10
18,Male,Siruseri,Online Platform,69,77,Yes,9.85,15000,5000,1781,1x late,5,3,0.7,3.37,3,3,Competition Winner,Distance Degree,0
21,Male,Pattukkottai,Online Platform,92,80,Yes,7.49,13000,5000,2383,2x late,2,5,-0.68,9.04,2,3,Innovator,Udemy,0
19,Male,Dindigul,Online Platform,76,61,No,7.37,11000,6500,1094,1x late,2,1,-0.44,4.81,1,0,None,Udemy,0
23,Male,Dindigul,Online Platform,94,93,Yes,7.87,14000,5500,3394,None,1,4,0.54,4.29,2,4,Research Publication,Coursera,0
18,Male,Sholinganallur,Online Platform,79,64,Yes,5.52,7500,6500,1366,1x late,1,2,-0.52,7.27,3,4,Innovator,Udemy,0
20,Female,Sriperumbudur,Private,99,79,No,7.67,6500,7000,4053,1x late,4,1,0.26,4.45,2,2,Research Publication,Sastra,7.6
21,Female,Chennai,Private,60,68,No,9.8,6000,6000,4335,1x late,2,4,-0.59,5.77,1,4,None,Sastra,7.6
25,Male,Padappai,Online Platform,70,81,Yes,9.14,5500,5500,2563,1x late,3,5,0.49,3.43,2,1,Research Publication,Coursera,0
22,Male,Thanjavur,Private,81,75,No,8.52,6500,5500,23,1x late,3,8,-0.7,6.75,3,4,Innovator,SNU Chennai,8.26
23,Female,Urapakkam,Online Platform,72,76,Yes,6.57,13000,6000,2090,None,3,10,-0.61,2.32,1,0,Innovator,Distance Degree,0
23,Male,Thanjavur,Online Platform,67,71,Yes,6.16,15000,5000,3660,None,2,6,-0.12,8.28,2,4,Research Publication,Distance Degree,0
18,Female,Kumbakonam,Online Platform,89,61,No,7.93,6500,5500,1385,2x late,5,4,-0.39,3.77,2,4,Competition Winner,Udemy,0
24,Female,Lalgudi,Online Platform,77,84,No,6.2,9000,6000,4256,2x late,2,8,-0.22,7.55,2,1,Patent Holder,Udemy,0
18,female,Vellore,Online Platform,61,61,Yes,8.77,10500,6000,1392,None,5,2,-0.87,2.6,1,1,Competition Winner,Coursera,0
18,Female,Vellore,Private,85,87,No,9.77,11500,6000,4878,2x late,5,10,-0.93,3.14,1,4,Competition Winner,SNU Chennai,8.26
22,Male,Pattukkottai,Govt,91,69,No,7.44,7000,6000,4372,None,4,1,0.14,2.24,2,2,None,IIT M,12
25,Female,Chennai,Private,94,94,No,9.81,5500,6500,1788,1x late,1,7,-0.69,6.12,3,2,Competition Winner,VIT Vellore,10
23,Male,Tambaram,Govt,57,77,No,6.98,7000,5000,2949,2x late,3,10,0.63,5.83,3,2,Social Impact Leader,IIT M,12
21,Male,Chennai,Private,81,76,Yes,8.02,10500,5000,1083,None,1,10,-0.67,7.17,1,1,Patent Holder,Sathyabama,5.2
22,Female,Chennai,Govt,53,61,No,8.16,12500,5000,4722,1x late,2,6,-0.86,4.05,1,4,Award Winner,IIT M,12
25,Male,Lalgudi,Private,68,95,No,5.6,9000,5500,1238,None,3,9,-0.51,9.5,3,4,Social Impact Leader,SNU Chennai,8.26
25,Female,Kumbakonam,Govt,53,96,No,8.38,13500,5000,1077,None,3,9,0.61,9.45,2,1,Research Publication,IIT M,12
24,Female,Tiruchirapalli,Private,79,100,No,8.1,11500,6000,4075,2x late,4,4,0.21,6.6,3,4,Social Impact Leader,SNU Chennai,8.26
19,Female,Dindigul,Govt,83,61,No,8.02,14000,5500,4839,1x late,2,9,-0.79,6.41,1,4,Research Publication,IIT M,12
18,Male,Urapakkam,Private,85,82,No,6.86,11000,7000,934,2x late,3,4,0.08,2.69,2,0,Award Winner,SNU Chennai,8.26
20,Male,Padappai,Private,85,75,Yes,9.19,8000,5500,742,None,1,5,-0.15,3.18,3,3,Social Impact Leader,Savitha,6.15
24,Female,Sholinganallur,Online Platform,96,61,Yes,9.03,6000,5000,219,None,3,2,0.24,5.5,2,0,None,Udemy,0
24,Male,Vellore,Private,91,72,No,9.26,13500,7000,3042,None,5,6,0.3,8.88,1,3,Award Winner,Savitha,6.15
18,Female,Tiruchirapalli,Private,73,81,No,7.88,9000,5500,4902,2x late,1,8,0.31,7.53,3,4,Research Publication,Sastra,7.6
24,Female,Vallam,Govt,65,64,No,7.29,14000,6500,1011,1x late,2,4,-0.21,6,1,1,None,NIT Trichy,9.2
24,Female,Vellore,Private,70,74,Yes,7.17,6500,7000,3133,1x late,3,6,0.87,8.29,1,1,None,Sathyabama,5.2
19,Female,Sholinganallur,Govt,85,85,Yes,7.45,5000,5000,43,1x late,3,6,0.43,9,2,4,Competition Winner,IIT M,12
18,Female,Kumbakonam,Private,90,63,Yes,7.12,8000,6500,1929,1x late,1,7,-0.9,6.18,1,0,Competition Winner,Sathyabama,5.2
25,Female,Kumbakonam,Online Platform,53,67,Yes,5.69,12000,7000,3886,1x late,5,8,-0.04,8.66,3,1,Research Publication,Coursera,0
19,Female,Sholinganallur,Private,60,89,No,9.92,11500,5000,4632,2x late,4,2,-0.7,2.49,3,3,None,Savitha,6.15
25,Female,Tiruvallur,Govt,52,66,No,6.06,11000,5000,2648,2x late,4,8,-0.05,7.01,3,0,Competition Winner,NIT Trichy,9.2
19,Male,Kanchipuram,Govt,65,95,No,6.36,11000,5000,242,2x late,4,3,-0.27,6.47,2,0,Social Impact Leader,IIT M,12
25,Male,Padappai,Online Platform,60,97,No,8.28,7500,5500,4858,None,4,5,-0.19,8.72,1,0,Startup Founder,Coursera,0
19,Female,Thanjavur,Online Platform,73,61,Yes,6.48,9000,5500,476,None,2,1,-0.3,4.78,2,3,Patent Holder,Distance Degree,0
24,Male,Karur,Govt,79,68,Yes,6.49,6000,6500,960,None,2,4,0.12,8.06,2,3,Social Impact Leader,IIIT Kanchipuram,8.6
24,Female,Chennai,Private,88,77,Yes,8.96,11000,7000,3954,2x late,5,10,0.6,5.65,2,1,Innovator,VIT Vellore,10
25,Male,Urapakkam,Govt,89,89,Yes,8.07,9500,6500,894,2x late,2,10,-0.15,9.69,3,1,Competition Winner,IIT M,12
22,Female,Papanasam,Private,88,62,Yes,9.7,7500,7000,4182,2x late,2,1,0.56,6.51,3,2,Award Winner,Sastra,7.6
22,Male,Papanasam,Govt,91,75,Yes,7.24,9000,6000,44,2x late,3,9,0.69,7.24,3,2,Competition Winner,NIT Trichy,9.2
25,Male,Thanjavur,Online Platform,79,74,No,8.11,11500,6000,2332,2x late,1,3,-0.39,5.22,1,1,Innovator,Distance Degree,0
19,Female,Thiruporur,Online Platform,75,97,No,6.76,5500,6000,3786,1x late,1,6,-0.16,7.2,2,2,Patent Holder,Distance Degree,0
25,Male,Madurai,Private,79,74,No,8.34,9000,7000,4619,1x late,2,9,-0.39,9.39,2,1,Award Winner,SNU Chennai,8.26
24,Male,Chengalpattu,Online Platform,51,69,Yes,9.83,15000,7000,1281,None,4,9,-0.88,6.57,1,2,None,Distance Degree,0
22,Male,Vallam,Online Platform,74,77,Yes,7.61,8000,6500,3340,None,1,6,0.52,5.85,1,3,Competition Winner,Distance Degree,0
21,Male,Avadi,Govt,54,89,No,7.31,15000,6000,974,None,1,1,0.13,3.35,1,2,Innovator,IIT M,12
23,Female,Sholinganallur,Private,100,69,No,9.76,11000,5500,1152,1x late,1,7,0.32,5.82,1,4,Startup Founder,SNU Chennai,8.26
25,Female,Vellore,Govt,85,78,Yes,8.95,5500,5000,2650,2x late,5,3,-0.8,7.61,3,0,None,IIIT Kanchipuram,8.6
23,Male,Kanchipuram,Govt,92,98,Yes,8.51,9500,6000,302,None,5,6,-0.68,3.32,2,2,Innovator,IIT M,12
22,Female,Vallam,Govt,54,95,No,5.96,8000,5500,3121,1x late,1,4,-0.53,6.03,1,2,Research Publication,IIT M,12
24,Female,Lalgudi,Private,84,99,No,9.12,7000,6500,647,None,1,9,-0.63,7.16,3,4,None,SNU Chennai,8.26
23,Female,Kanchipuram,Private,80,64,No,8.98,12000,5000,575,None,3,10,0.1,3.1,3,2,None,VIT Vellore,10
22,Male,Avadi,Govt,96,83,Yes,9.96,14000,6500,3964,1x late,4,4,-0.21,4.77,1,4,Patent Holder,IIT M,12
18,Male,Tambaram,Govt,88,95,No,7.04,10500,5000,2113,None,5,5,-0.12,8.7,2,2,Competition Winner,NIT Trichy,9.2
25,Female,Oragadam,Govt,77,100,Yes,9.63,10500,6000,4419,2x late,3,8,0.64,9.17,2,1,Competition Winner,IIIT Kanchipuram,8.6
24,Male,Thiruporur,Govt,63,74,No,9.99,10500,6500,4672,None,3,1,-0.12,8.64,2,0,None,IIIT Kanchipuram,8.6
22,Male,Tambaram,Online Platform,68,95,Yes,8.71,10000,5500,4467,2x late,1,1,0.47,5.3,2,2,Award Winner,Distance Degree,0
22,Male,Lalgudi,Online Platform,64,96,No,8.94,7000,5500,804,None,4,9,-0.02,2.36,2,0,Research Publication,Coursera,0
19,Male,Avadi,Online Platform,52,75,No,6.14,14500,6500,237,None,2,8,-0.81,3.18,2,3,Competition Winner,Udemy,0
19,Male,Karur,Online Platform,51,80,No,5.56,12500,5500,1471,None,2,7,-0.87,9.24,2,2,Patent Holder,Udemy,0
18,Male,Karur,Online Platform,99,63,No,5.72,13500,6500,4803,2x late,2,10,0.74,5.96,2,4,Startup Founder,Distance Degree,0
20,Male,Kanchipuram,Private,72,62,Yes,9.63,6000,6500,4582,2x late,4,3,0.62,3.94,2,0,Research Publication,Sathyabama,5.2
22,Male,Tiruchirapalli,Online Platform,100,61,Yes,6.4,13500,6000,3579,2x late,5,8,-0.16,4.59,3,2,Startup Founder,Udemy,0
20,Male,Kanchipuram,Online Platform,89,69,Yes,9.03,6000,5500,1938,None,1,4,-0.64,4.86,3,1,Innovator,Udemy,0
18,Male,Oragadam,Private,77,78,Yes,7.84,6500,6500,2494,1x late,5,7,-0.5,8.12,1,3,Patent Holder,VIT Vellore,10
20,Male,Urapakkam,Private,62,64,Yes,8.03,8500,7000,40,None,4,6,-0.88,6.19,3,0,Competition Winner,Sathyabama,5.2
20,Male,Vallam,Govt,61,66,Yes,6.54,6000,5000,4399,None,4,4,-0.33,3.3,2,1,Award Winner,IIIT Kanchipuram,8.6
25,Male,Tiruvallur,Private,80,84,Yes,7.4,12000,6500,3841,1x late,4,2,0.96,7.93,2,2,None,Sathyabama,5.2
19,Male,Lalgudi,Online Platform,99,75,Yes,9.17,12500,5500,4888,1x late,2,6,-0.15,5.27,2,4,Award Winner,Distance Degree,0
22,Male,Karur,Online Platform,55,75,No,5.54,15000,5000,4635,2x late,2,3,-0.22,7.52,1,4,Innovator,Coursera,0
24,Female,Siruseri,Govt,90,91,Yes,6.76,15000,7000,4585,1x late,2,2,0.54,9.12,1,3,Award Winner,IIT M,12
23,Female,Papanasam,Online Platform,55,93,No,5.5,7500,6500,2974,2x late,2,1,0.65,2.1,3,0,Startup Founder,Coursera,0
20,Female,Dindigul,Online Platform,98,100,Yes,7.17,12000,6000,4016,1x late,4,6,0.13,9.32,2,4,None,Distance Degree,0
22,Female,Urapakkam,Online Platform,60,90,No,5.63,12500,5000,259,2x late,2,8,-0.17,9.16,1,2,Award Winner,Distance Degree,0
19,Female,Velachery,Private,89,77,No,8.02,5000,6000,1720,1x late,5,1,0.05,8.9,1,0,Research Publication,SNU Chennai,8.26
24,Male,Chennai,Govt,51,76,No,9.91,7500,5000,55,2x late,1,3,-0.5,2.04,1,3,Award Winner,IIIT Kanchipuram,8.6
25,Male,Tambaram,Online Platform,100,95,Yes,8.02,5500,6000,3804,1x late,3,2,-0.76,3.56,2,0,Startup Founder,Distance Degree,0
18,Female,Thiruporur,Private,100,64,Yes,8.87,11000,5000,3111,2x late,4,9,0.3,4.75,3,4,Innovator,VIT Vellore,10
18,Male,Thiruporur,Private,65,97,No,7.16,13000,5000,4720,2x late,4,1,1,7.36,2,2,None,Savitha,6.15
19,Male,Chengalpattu,Online Platform,86,99,Yes,5.95,12000,7000,129,2x late,1,5,-0.32,6.6,3,1,Innovator,Coursera,0
22,Female,Chennai,Private,79,92,Yes,9.75,11500,5500,4998,None,1,7,0.11,7.26,2,2,Award Winner,Savitha,6.15
25,Male,Pattukkottai,Govt,94,100,Yes,7.17,12000,5000,3166,1x late,5,2,-0.61,6.27,2,0,Social Impact Leader,IIT M,12
23,Male,Siruseri,Govt,87,78,Yes,8.79,10500,6000,2960,1x late,5,5,0.02,2.42,1,0,Competition Winner,IIT M,12
20,Male,Kumbakonam,Govt,79,95,Yes,9.23,7000,5500,2230,1x late,2,5,0.32,3.5,1,1,Research Publication,IIT M,12
18,Female,Chennai,Govt,93,97,No,7.69,8500,7000,797,None,1,9,0.75,9.85,2,1,Startup Founder,IIIT Kanchipuram,8.6
20,Male,Chennai,Online Platform,79,83,Yes,8.99,9000,5000,1770,2x late,4,4,0.39,6.1,2,2,Award Winner,Coursera,0
20,Male,Padappai,Private,61,90,No,9.73,9500,6000,1736,1x late,1,8,-0.51,8.7,3,2,Award Winner,VIT Vellore,10
19,Female,Papanasam,Online Platform,57,78,No,9.85,14500,5000,1269,2x late,2,3,0.29,6.17,3,3,Patent Holder,Distance Degree,0
18,Female,Thanjavur,Govt,67,87,Yes,5.92,12000,6500,1564,2x late,3,2,-0.02,4.96,1,1,None,NIT Trichy,9.2
23,Female,Tambaram,Online Platform,92,82,Yes,9.48,8500,5500,898,1x late,1,3,-0.52,9.36,3,2,Research Publication,Udemy,0
23,Male,Oragadam,Private,69,79,Yes,9.04,9500,5000,4359,2x late,4,3,-0.53,6.76,1,2,Social Impact Leader,SNU Chennai,8.26
24,Male,Lalgudi,Online Platform,96,67,No,7.25,6500,5500,3995,2x late,1,7,-0.25,6.27,1,0,None,Distance Degree,0
25,Male,Chengalpattu,Private,91,68,Yes,6.76,11500,6000,1367,None,3,5,0.52,2.39,1,4,Startup Founder,VIT Vellore,10
18,Female,Tambaram,Private,81,63,Yes,9.68,13500,6000,240,2x late,3,7,-0.49,8.9,1,0,Startup Founder,Savitha,6.15
18,Male,Padappai,Online Platform,79,79,No,8.49,5000,7000,3274,1x late,3,1,0.4,8.61,3,2,Research Publication,Distance Degree,0
22,Male,Chengalpattu,Online Platform,90,70,Yes,7.99,12500,5000,2410,None,3,2,0.69,5.27,2,1,Competition Winner,Distance Degree,0
24,Female,Vallam,Govt,79,85,Yes,8.96,6000,7000,1991,1x late,5,6,-0.28,5.43,3,1,Innovator,IIT M,12
20,Female,Thanjavur,Private,79,73,Yes,8.87,11500,5000,4018,None,4,7,-0.19,7.27,1,3,None,Savitha,6.15
20,Male,Chengalpattu,Govt,50,66,No,9.4,10000,7000,3711,1x late,2,4,0.67,9.38,1,2,Social Impact Leader,IIT M,12
22,Female,Madurai,Govt,79,75,No,9.85,13500,7000,3088,2x late,5,5,0.49,6.74,1,3,Innovator,NIT Trichy,9.2
19,Male,Sholinganallur,Govt,67,61,No,6.53,14000,5000,3536,1x late,3,10,-0.5,5.96,1,3,Startup Founder,NIT Trichy,9.2
25,Female,Karur,Govt,50,62,Yes,7.4,8000,6500,2238,2x late,2,8,-0.4,8.63,3,1,Competition Winner,NIT Trichy,9.2
21,Female,Lalgudi,Online Platform,99,98,Yes,8,7000,5500,2558,2x late,1,5,-0.46,5.14,2,2,None,Distance Degree,0
18,Male,Velachery,Private,79,69,Yes,6.29,14000,6000,1359,None,3,6,-0.03,6.28,2,0,Startup Founder,Sastra,7.6
24,Male,Siruseri,Govt,69,91,No,8.2,7500,5000,4345,1x late,1,10,-0.82,4.34,2,4,Innovator,IIT M,12
23,Male,Karaikal,Private,74,81,Yes,6.91,15000,5000,487,1x late,3,2,-0.14,9.09,2,4,Startup Founder,Sastra,7.6
22,Male,Dindigul,Online Platform,85,60,Yes,9.64,9000,5500,3553,1x late,1,6,0.78,8.98,3,0,None,Udemy,0
21,Female,Padappai,Private,73,92,No,9.87,6500,6500,3930,None,3,5,-0.1,3.77,2,4,Innovator,Sastra,7.6
23,Female,Papanasam,Private,73,85,No,5.77,9500,6000,2386,None,1,2,0.31,2.43,2,4,Competition Winner,Sastra,7.6
25,Male,Madurai,Private,65,100,No,5.51,10000,5000,2682,None,2,5,1,6.64,1,1,Social Impact Leader,Sastra,7.6
24,Female,Sriperumbudur,Online Platform,80,85,No,7.71,9500,5000,2662,None,3,3,0.01,9.67,1,4,Research Publication,Coursera,0
19,Male,Siruseri,Govt,53,63,Yes,9.67,14500,7000,2422,2x late,5,7,0.15,2.63,1,2,Competition Winner,IIIT Kanchipuram,8.6
21,Male,Urapakkam,Private,79,82,Yes,8.16,7000,5000,1839,2x late,4,5,0.98,3.14,1,0,Research Publication,VIT Vellore,10
18,Male,Kumbakonam,Govt,65,96,No,6.79,12500,6000,173,1x late,4,2,0.39,2.13,2,2,Competition Winner,NIT Trichy,9.2
18,Male,Karur,Private,83,89,No,6.53,11000,6500,2949,2x late,2,8,0.89,5.42,1,1,Research Publication,SNU Chennai,8.26
18,Female,Thanjavur,Govt,62,79,No,8.57,10000,6000,3301,2x late,2,10,0.54,3.79,2,0,Startup Founder,IIIT Kanchipuram,8.6
21,Female,Sriperumbudur,Govt,63,66,Yes,7.76,7500,5000,785,1x late,4,7,-0.5,2.11,1,1,Award Winner,NIT Trichy,9.2
22,Female,Sholinganallur,Private,76,75,Yes,7,12000,6500,395,1x late,4,4,0.75,2.87,1,2,Patent Holder,Sastra,7.6
25,Male,Kumbakonam,Govt,83,88,Yes,8.7,12500,6000,1187,1x late,5,6,-0.39,7.8,2,0,Competition Winner,NIT Trichy,9.2
22,Male,Thanjavur,Online Platform,75,73,No,9.89,12000,7000,3397,1x late,2,7,0.63,3.81,3,3,Patent Holder,Coursera,0
22,Female,Padappai,Govt,61,80,No,6.56,5500,6000,3401,1x late,5,3,-0.66,5.7,3,1,Innovator,NIT Trichy,9.2
22,Male,Vellore,Govt,80,77,Yes,6.66,11000,6500,2237,2x late,3,5,-0.97,8.15,2,2,Innovator,NIT Trichy,9.2
23,Male,Avadi,Govt,55,74,No,6.91,5000,7000,302,2x late,1,7,-0.59,9.96,3,1,None,IIT M,12
22,Male,Thiruporur,Govt,73,72,No,6.05,5000,6000,302,2x late,2,2,0.55,3.21,1,2,Competition Winner,IIT M,12
19,Male,Sriperumbudur,Private,60,60,No,9.1,8500,6500,463,2x late,2,7,0.23,9.43,2,2,Award Winner,Savitha,6.15
22,Male,Sholinganallur,Online Platform,79,63,No,9.52,6000,5000,2344,2x late,2,3,-0.75,4.47,2,0,Research Publication,Coursera,0
24,Male,Dindigul,Private,56,92,Yes,6.89,13000,5000,4987,None,2,2,-0.72,7.42,1,4,Startup Founder,SNU Chennai,8.26
19,Female,Karur,Online Platform,82,71,Yes,6.87,7500,5000,1336,None,4,4,-0.24,3.27,1,0,Research Publication,Udemy,0
23,Female,Dindigul,Private,99,67,No,8.38,10500,6500,1758,None,2,5,-0.05,3.82,3,1,Competition Winner,Sastra,7.6
21,Male,Chengalpattu,Private,98,81,Yes,5.51,7000,6500,3108,1x late,3,5,0.24,3.68,2,4,Startup Founder,VIT Vellore,10
24,Male,Vellore,Online Platform,52,88,Yes,8.38,7000,5500,3431,1x late,4,1,0.52,5.47,1,4,Patent Holder,Coursera,0
21,Female,Chennai,Govt,91,70,Yes,7.52,6500,5000,1187,None,1,7,0.56,7.04,3,4,Research Publication,IIIT Kanchipuram,8.6
23,Male,Kanchipuram,Online Platform,65,88,No,8.02,9000,5500,2708,2x late,3,1,-0.17,9.22,1,0,Social Impact Leader,Coursera,0
20,Female,Avadi,Online Platform,58,85,Yes,6.01,7000,6500,4586,1x late,1,8,0.45,7.4,1,1,Patent Holder,Coursera,0
22,Female,Sholinganallur,Govt,58,72,No,5.9,11000,5000,1526,2x late,4,9,0.37,5.94,2,3,Patent Holder,IIIT Kanchipuram,8.6
21,Male,Kanchipuram,Govt,53,68,Yes,6.24,14500,6000,224,1x late,3,5,-0.02,2.8,2,1,Research Publication,IIT M,12
25,Female,Thiruporur,Private,62,83,Yes,8.07,9500,5000,1211,1x late,5,6,-0.3,7.81,3,0,Innovator,SNU Chennai,8.26
24,Female,Kanchipuram,Private,74,89,No,6.34,8000,5000,1162,1x late,4,5,-0.91,7.77,2,4,Social Impact Leader,VIT Vellore,10
21,Female,Papanasam,Private,74,95,Yes,6.15,7500,6500,1740,None,2,9,-0.1,2.82,1,3,Award Winner,Savitha,6.15
21,Male,Chennai,Private,90,65,No,7.41,14500,5000,3438,1x late,4,2,0.68,5.76,2,2,None,Sathyabama,5.2
24,Male,Vallam,Govt,63,66,Yes,7.21,13500,5500,4498,None,1,2,-0.75,2.84,1,4,Startup Founder,IIIT Kanchipuram,8.6
20,Female,Siruseri,Private,74,62,No,6.58,14500,6500,963,2x late,1,2,-0.2,8.66,1,0,Competition Winner,Savitha,6.15
19,Male,Oragadam,Govt,95,65,No,7.68,8500,6500,3631,2x late,5,4,-0.11,7.14,2,0,Research Publication,NIT Trichy,9.2
22,Male,Dindigul,Private,65,84,Yes,6.9,15000,7000,1546,1x late,1,6,-0.82,2.37,2,4,None,VIT Vellore,10
23,Female,Chengalpattu,Online Platform,76,87,Yes,6.41,5500,5000,3550,None,3,3,0.4,2.8,3,1,Startup Founder,Coursera,0
25,Female,Urapakkam,Online Platform,97,60,Yes,7.38,7500,5500,3384,1x late,1,2,-0.43,5.35,2,1,Competition Winner,Udemy,0
21,Female,Sholinganallur,Govt,93,99,Yes,9.21,13000,5500,4033,2x late,3,7,0.34,8.15,3,0,Research Publication,IIT M,12
22,Male,Karur,Private,88,66,Yes,6.29,11500,5000,4604,1x late,1,1,0.98,5.83,1,4,Research Publication,VIT Vellore,10
24,Male,Dindigul,Govt,69,73,Yes,9.09,9500,5000,4884,2x late,3,1,-0.5,5.35,2,3,Social Impact Leader,IIIT Kanchipuram,8.6
24,Male,Lalgudi,Govt,93,92,Yes,9.53,8500,5000,4425,1x late,4,10,-0.09,8.29,2,2,Patent Holder,NIT Trichy,9.2
24,Male,Oragadam,Online Platform,82,60,No,8.56,10500,7000,4542,1x late,1,1,0.05,3.4,3,0,Research Publication,Coursera,0
25,Male,Kanchipuram,Online Platform,77,70,Yes,5.51,11000,5500,3106,2x late,3,10,0.49,5.86,3,3,Research Publication,Distance Degree,0
24,Male,Tiruvallur,Govt,68,71,Yes,5.64,13500,6000,4838,2x late,5,2,-0.13,6.12,1,0,Award Winner,IIT M,12
20,Female,Oragadam,Govt,84,98,No,8.9,15000,7000,3570,None,2,4,0.63,3.63,3,3,Startup Founder,IIIT Kanchipuram,8.6
18,Female,Oragadam,Private,82,98,No,7.37,10000,7000,82,1x late,3,1,0.34,8.99,1,4,Award Winner,VIT Vellore,10
21,Male,Kumbakonam,Govt,99,73,Yes,6.98,8500,6000,4111,1x late,3,3,-0.43,4.9,1,1,Patent Holder,IIT M,12
25,Male,Chennai,Govt,86,63,No,6.91,6000,7000,4718,None,1,9,0.76,2.7,1,3,Patent Holder,IIT M,12
18,Female,Thiruporur,Private,85,75,No,6.23,13000,7000,822,2x late,5,4,-0.45,9.78,3,1,None,SNU Chennai,8.26
18,Female,Papanasam,Govt,60,88,Yes,7.65,11000,5500,3182,1x late,3,4,-0.74,4.07,1,3,Startup Founder,IIT M,12
22,Female,Chennai,Private,67,96,No,6.81,14000,6000,2117,None,1,6,-0.05,7.98,2,1,Patent Holder,Sathyabama,5.2
25,Male,Velachery,Private,86,86,Yes,9.98,14500,6000,4306,1x late,5,3,-0.18,5.02,2,0,Innovator,Savitha,6.15
18,Male,Tiruvallur,Online Platform,55,94,Yes,8.98,12500,5000,3658,1x late,1,10,0.33,7.15,1,3,Innovator,Udemy,0
21,Male,Vellore,Online Platform,56,88,Yes,8.53,6500,6500,1822,2x late,2,5,0.85,3.69,3,4,Research Publication,Coursera,0
22,Male,Karur,Online Platform,98,94,Yes,5.69,12000,5000,996,None,1,8,0.56,5.9,3,2,Patent Holder,Coursera,0
20,Female,Kumbakonam,Govt,62,96,Yes,8.49,14500,5000,376,2x late,4,4,-0.71,6.62,2,3,Research Publication,IIIT Kanchipuram,8.6
19,Male,Tambaram,Govt,55,100,Yes,9.74,15000,6500,4327,1x late,3,7,-0.18,3.56,1,4,Patent Holder,IIIT Kanchipuram,8.6
24,Male,Siruseri,Private,93,84,Yes,6.55,12000,7000,1964,None,4,6,-0.12,4.39,3,0,None,Sastra,7.6
25,Female,Chennai,Govt,98,98,No,6.92,10500,6500,2221,None,1,1,0.85,6.88,2,2,Patent Holder,IIIT Kanchipuram,8.6
19,Female,Kumbakonam,Private,98,64,Yes,6.04,12000,5000,1006,1x late,1,7,0.62,7.83,1,4,None,SNU Chennai,8.26
19,Male,Sriperumbudur,Online Platform,89,62,Yes,7.61,6500,6000,3943,1x late,1,5,-0.38,6.46,1,0,Competition Winner,Coursera,0
21,Male,Papanasam,Govt,86,70,No,6.63,15000,5000,3866,1x late,5,10,-0.13,6.92,3,0,Award Winner,IIIT Kanchipuram,8.6
23,Male,Sriperumbudur,Online Platform,60,76,No,8.78,7500,5000,4392,1x late,5,4,0.3,2.01,2,2,Startup Founder,Coursera,0
24,Female,Sriperumbudur,Online Platform,73,95,No,8.1,12000,7000,1420,None,3,5,-0.86,2.82,1,4,Competition Winner,Distance Degree,0
21,Female,Madurai,Online Platform,59,96,No,6.82,13000,5500,3639,2x late,2,1,-0.07,9.24,1,3,Innovator,Udemy,0
18,Male,Vellore,Online Platform,70,71,No,5.87,9500,6500,1503,None,3,9,-0.79,9.39,2,4,None,Distance Degree,0
25,Male,Velachery,Online Platform,67,97,No,9.65,7500,7000,4241,2x late,2,1,-0.16,6.94,3,0,Research Publication,Coursera,0
19,Male,Chennai,Online Platform,59,89,No,9.6,15000,7000,1101,2x late,3,4,0.3,4.29,1,1,Patent Holder,Coursera,0
24,Female,Pattukkottai,Govt,85,65,Yes,9.2,8500,5500,3332,2x late,4,7,0.24,7.42,2,3,Innovator,IIIT Kanchipuram,8.6
24,Male,Kanchipuram,Private,59,79,No,9.38,5000,5500,4821,None,2,2,0.16,4.21,3,0,Competition Winner,Savitha,6.15
21,Male,Thanjavur,Govt,89,89,No,8.68,7500,5500,1090,2x late,3,5,0.65,7.06,2,0,Research Publication,NIT Trichy,9.2
20,Male,Urapakkam,Private,81,73,No,8.3,9500,6000,4264,2x late,4,5,0.43,3.02,1,2,Startup Founder,Sastra,7.6
19,Male,Vellore,Private,60,80,No,8.64,8000,6000,1893,2x late,1,8,-0.61,3.74,1,2,Patent Holder,Sathyabama,5.2
22,Male,Tambaram,Online Platform,64,75,No,9.76,12500,6500,475,None,2,10,-0.58,3.96,3,4,Patent Holder,Udemy,0
18,Male,Thanjavur,Online Platform,84,100,Yes,9.64,7000,5000,835,2x late,2,1,-0.67,8.87,1,4,Startup Founder,Coursera,0
20,Female,Dindigul,Online Platform,96,93,No,7.89,11000,7000,3863,2x late,1,10,-0.36,5.24,1,1,Social Impact Leader,Coursera,0
23,Male,Vellore,Govt,88,100,Yes,5.95,8500,5000,3252,1x late,2,7,0.35,2.85,1,0,Patent Holder,IIIT Kanchipuram,8.6
19,Female,Padappai,Govt,53,64,No,9.7,11000,5500,1985,None,3,10,-0.44,2.83,1,4,Patent Holder,IIIT Kanchipuram,8.6
20,Female,Kumbakonam,Private,92,67,Yes,8.07,5000,6500,4908,1x late,5,4,0.75,4.09,3,1,None,SNU Chennai,8.26
23,Male,Lalgudi,Private,68,60,Yes,8.77,9000,5000,1305,1x late,4,6,0.68,7.55,1,1,Award Winner,SNU Chennai,8.26
22,Male,Vallam,Govt,93,74,No,9.6,11500,7000,3428,None,4,2,0.5,9.48,3,1,Innovator,NIT Trichy,9.2
23,Male,Velachery,Private,85,84,Yes,5.7,15000,5500,2196,None,3,5,0.95,3.47,1,4,Social Impact Leader,Sastra,7.6
18,Female,Chennai,Private,82,71,No,6.52,15000,6000,4001,1x late,2,9,0.38,3.62,3,2,Innovator,VIT Vellore,10
25,Male,Thanjavur,Private,84,69,Yes,9.6,15000,6000,1359,1x late,5,3,0.51,2.4,2,4,Award Winner,VIT Vellore,10
22,Male,Chennai,Private,77,77,Yes,7.31,9500,7000,4876,2x late,1,2,0.97,5.31,1,2,Innovator,Sathyabama,5.2
25,Male,Pattukkottai,Private,51,73,Yes,6.57,8000,7000,2080,None,1,4,-0.77,5.33,2,3,Patent Holder,VIT Vellore,10
21,Male,Kanchipuram,Private,88,78,No,5.64,14000,5500,2399,None,4,8,-0.03,4.05,1,4,Social Impact Leader,Savitha,6.15
20,Male,Urapakkam,Online Platform,70,84,No,6.36,11000,7000,662,None,3,2,-0.45,9.98,2,1,Innovator,Distance Degree,0
23,Female,Avadi,Private,95,84,No,9.9,6500,6500,698,None,2,9,0.42,2.39,3,4,Startup Founder,SNU Chennai,8.26
19,Male,Oragadam,Online Platform,57,75,Yes,5.74,11500,7000,4010,1x late,1,4,0.75,7.35,1,4,Patent Holder,Udemy,0
21,Male,Velachery,Online Platform,75,96,Yes,6.64,6500,6500,3558,1x late,2,8,0.46,7.32,1,1,Patent Holder,Coursera,0
22,Male,Oragadam,Private,80,66,No,7.84,15000,5500,3988,1x late,3,7,0.08,7.87,1,0,Social Impact Leader,Savitha,6.15
19,Male,Pattukkottai,Govt,58,83,Yes,5.82,11000,6500,2807,None,1,3,0.47,7.05,1,1,Social Impact Leader,NIT Trichy,9.2
18,Female,Madurai,Online Platform,75,100,No,9.77,5500,7000,1983,2x late,2,10,0.3,3.23,2,3,Patent Holder,Udemy,0
22,Male,Sriperumbudur,Online Platform,63,71,Yes,8.71,7500,7000,1512,2x late,2,5,-0.44,3.43,2,1,Startup Founder,Udemy,0
20,Female,Thanjavur,Online Platform,66,99,Yes,6.3,7500,5500,4621,None,1,7,-0.93,4.76,1,2,Award Winner,Udemy,0
24,Female,Kanchipuram,Online Platform,55,94,Yes,6.51,7500,5000,3315,1x late,3,5,-0.95,6.26,1,0,Social Impact Leader,Distance Degree,0
23,Female,Karur,Govt,76,92,No,7.42,7500,7000,4499,1x late,3,9,0.68,9.72,1,3,Social Impact Leader,IIIT Kanchipuram,8.6
20,Male,Karur,Private,54,69,No,8.29,13000,6500,3866,None,3,4,-0.83,8.51,3,4,Patent Holder,SNU Chennai,8.26
19,Male,Madurai,Govt,55,84,Yes,7.86,12500,6000,2444,2x late,3,3,-0.03,3.69,1,3,Award Winner,IIIT Kanchipuram,8.6
22,Male,Oragadam,Govt,65,75,Yes,8.8,6500,6500,2504,2x late,2,10,0.91,5.81,3,1,Award Winner,NIT Trichy,9.2
25,Female,Madurai,Govt,80,63,Yes,6.82,13500,6000,2102,2x late,3,5,0.86,9.91,1,3,Competition Winner,IIIT Kanchipuram,8.6
20,Male,Siruseri,Online Platform,51,63,Yes,9.6,5000,5000,475,None,3,8,0.54,3.24,2,0,Innovator,Coursera,0
24,Male,Sriperumbudur,Private,62,73,Yes,8.77,8000,6000,1310,None,1,3,-0.5,6.73,1,4,Competition Winner,Savitha,6.15
25,Male,Chengalpattu,Private,87,75,No,5.61,7000,6500,1425,1x late,5,5,0.05,5.76,2,1,Competition Winner,SNU Chennai,8.26
25,Male,Kanchipuram,Private,71,95,Yes,9.48,14500,6000,1771,None,1,1,-0.01,4.19,1,4,Social Impact Leader,Sathyabama,5.2
19,Male,Dindigul,Govt,73,77,Yes,6.13,11000,5500,646,2x late,5,6,-0.41,5.69,1,4,Research Publication,NIT Trichy,9.2
24,Male,Chennai,Govt,72,89,Yes,7.84,14000,6000,967,2x late,5,7,-0.74,4.66,2,2,Startup Founder,NIT Trichy,9.2
25,Female,Urapakkam,Govt,63,89,Yes,6.94,12000,7000,147,None,3,10,0.65,4.21,3,1,Startup Founder,IIIT Kanchipuram,8.6
21,Male,Dindigul,Govt,88,65,Yes,7.66,14000,7000,1888,2x late,3,10,0.94,6.32,1,0,Competition Winner,IIT M,12
22,Male,Vallam,Private,83,65,Yes,7.06,9500,5500,3611,2x late,1,9,0.37,6.93,3,2,None,Sastra,7.6
19,Male,Chengalpattu,Govt,65,72,Yes,9.02,13500,5500,4432,2x late,4,5,-0.82,7.95,2,0,Competition Winner,IIT M,12
18,Female,Pattukkottai,Online Platform,73,94,No,8.55,14000,7000,4909,2x late,5,2,0.05,3.95,2,0,Startup Founder,Distance Degree,0
19,Male,Karaikal,Govt,98,71,Yes,6.12,11500,7000,788,2x late,4,3,0.55,4.65,1,1,Research Publication,IIIT Kanchipuram,8.6
25,Female,Dindigul,Online Platform,78,82,Yes,7.91,12000,7000,2662,2x late,3,10,-0.64,4.32,3,0,Award Winner,Udemy,0
25,Female,Papanasam,Govt,78,74,Yes,5.61,11000,7000,2522,2x late,5,5,0.28,6.55,3,4,Innovator,NIT Trichy,9.2
22,Female,Urapakkam,Private,97,71,No,7.45,8000,5500,15,1x late,4,4,0.39,4.62,3,4,Startup Founder,Savitha,6.15
20,Female,Kumbakonam,Govt,100,95,Yes,5.61,7000,5000,1118,2x late,3,10,-0.89,7.4,2,4,None,IIT M,12
24,Male,Vallam,Online Platform,92,60,No,9.33,7500,5000,3409,1x late,5,4,-0.05,7.9,1,1,Innovator,Udemy,0
20,Male,Madurai,Private,69,82,Yes,7.14,11000,5000,117,1x late,4,4,0.44,8.78,1,4,Startup Founder,Sastra,7.6
25,Female,Karaikal,Online Platform,89,92,No,6.07,14000,6500,3263,None,2,5,0.74,9.09,1,1,Competition Winner,Udemy,0
23,Male,Chennai,Online Platform,62,95,No,8.39,7500,6000,2904,1x late,3,5,-0.22,5.95,3,3,Competition Winner,Udemy,0
23,Female,Chengalpattu,Private,90,61,Yes,6.29,6500,5500,3123,1x late,3,8,-0.29,8.43,3,1,Competition Winner,Sathyabama,5.2
22,Female,Chengalpattu,Govt,53,75,Yes,9.53,7500,6000,4781,1x late,3,7,0.37,3.83,2,4,Patent Holder,IIT M,12
20,Female,Tiruvallur,Private,54,77,No,8.45,12000,7000,4606,2x late,2,10,-0.61,6.55,1,1,Competition Winner,Savitha,6.15
18,Male,Tiruchirapalli,Govt,90,81,No,7.57,7000,5000,1652,None,3,3,0.28,8.54,3,0,Patent Holder,IIT M,12
19,Male,Vallam,Private,87,90,No,6.2,12000,6000,1269,2x late,3,2,0.6,6.56,1,0,Startup Founder,SNU Chennai,8.26
24,Male,Kumbakonam,Private,97,80,No,9.3,13500,5000,2762,None,2,1,-0.27,5.74,2,0,Patent Holder,Sathyabama,5.2
25,Male,Tiruchirapalli,Govt,72,78,No,8.06,9500,6000,337,None,5,8,0.7,2.66,1,2,Award Winner,IIT M,12
23,Male,Tiruchirapalli,Online Platform,91,65,No,6.07,12500,5500,879,2x late,3,2,-0.46,9.14,1,4,Startup Founder,Coursera,0
24,Female,Vellore,Govt,66,73,Yes,5.9,5500,5000,2323,2x late,5,10,-0.84,3.35,3,1,Award Winner,NIT Trichy,9.2
22,Male,Sholinganallur,Online Platform,70,72,Yes,9.87,12000,7000,3361,2x late,5,7,-0.74,9.91,1,4,Research Publication,Coursera,0
25,Male,Lalgudi,Govt,96,95,Yes,5.79,13000,7000,1888,2x late,4,5,0.98,5.55,3,4,None,IIT M,12
21,Female,Padappai,Online Platform,89,71,No,6.79,5000,5000,3571,1x late,5,2,0.83,3.41,2,3,Social Impact Leader,Distance Degree,0
20,Male,Papanasam,Online Platform,79,66,Yes,9.06,11000,7000,2311,None,4,1,0.19,2.04,3,0,Competition Winner,Coursera,0
18,Male,Velachery,Govt,93,95,No,8.26,12500,6500,4514,1x late,4,10,-0.18,2.6,1,2,Startup Founder,IIT M,12
23,Female,Karur,Online Platform,76,93,Yes,9.96,13500,6000,3579,1x late,1,4,0.55,8.14,3,1,Competition Winner,Udemy,0
19,Male,Dindigul,Private,62,60,Yes,6.17,5000,7000,1564,None,5,7,-0.17,9.88,3,3,Competition Winner,Savitha,6.15
25,Female,Tiruchirapalli,Govt,70,88,Yes,8.43,8500,5500,2712,None,3,4,-0.98,9.55,3,3,Innovator,NIT Trichy,9.2
21,Male,Papanasam,Private,70,95,No,6.47,5000,5500,2421,None,1,10,-0.49,5.38,2,0,Award Winner,Savitha,6.15
18,Male,Padappai,Online Platform,81,84,No,5.79,8500,5000,4761,1x late,5,5,-0.26,9.27,1,2,Competition Winner,Distance Degree,0
23,Female,Tambaram,Private,91,69,Yes,7.08,10500,6000,2682,1x late,4,6,0.8,7.47,1,0,Research Publication,VIT Vellore,10
22,Male,Chengalpattu,Online Platform,76,67,No,8.04,13000,5500,2327,None,3,2,0.44,6.21,1,4,None,Coursera,0
24,Male,Siruseri,Online Platform,89,81,Yes,5.73,14000,5000,3686,1x late,5,4,-0.06,7.66,2,4,None,Coursera,0
20,Male,Vellore,Private,84,86,Yes,8.01,6000,7000,3836,2x late,5,1,0.43,3.15,1,2,Startup Founder,Sathyabama,5.2
22,Male,Karaikal,Private,69,97,Yes,9.95,8500,5500,2726,2x late,1,3,0.29,8.87,3,1,Competition Winner,SNU Chennai,8.26
23,Female,Papanasam,Online Platform,93,76,Yes,6.42,7500,6000,4749,1x late,1,1,-0.85,6.48,1,3,Patent Holder,Distance Degree,0
18,Female,Urapakkam,Govt,54,60,No,9.28,12500,5500,3233,1x late,4,1,0.7,7.65,3,3,Award Winner,IIIT Kanchipuram,8.6
22,Female,Karur,Govt,68,73,Yes,8.56,7500,6500,2898,2x late,4,10,-0.26,2.25,2,1,Award Winner,IIT M,12
19,Female,Chennai,Private,87,85,No,9.42,13500,7000,2439,2x late,5,4,0.07,7.94,2,2,Social Impact Leader,Sastra,7.6
23,Female,Sriperumbudur,Govt,71,62,No,6.2,13000,6500,2697,2x late,4,10,-0.77,6.1,1,3,Competition Winner,IIIT Kanchipuram,8.6
25,Male,Chennai,Govt,81,92,No,5.6,5500,5000,77,1x late,2,8,0.85,7.52,2,3,Startup Founder,IIIT Kanchipuram,8.6
23,Male,Madurai,Online Platform,99,88,Yes,7.32,13500,6500,2938,2x late,1,3,0.62,7.16,1,1,None,Udemy,0
19,Male,Thanjavur,Govt,81,92,No,9.21,11000,6000,377,1x late,5,4,-0.89,8.17,1,0,None,IIIT Kanchipuram,8.6
22,Male,Thanjavur,Govt,63,90,Yes,7.33,11000,6500,2666,2x late,4,4,0.24,4.74,1,0,Social Impact Leader,IIIT Kanchipuram,8.6
19,Female,Avadi,Online Platform,100,82,No,5.98,11000,5500,1588,1x late,1,2,-0.68,2.17,3,0,Innovator,Udemy,0
24,Male,Karur,Online Platform,100,76,No,8.41,14000,7000,2671,None,2,3,-0.87,5.16,3,1,Award Winner,Coursera,0
20,Female,Sriperumbudur,Private,61,97,No,6.81,11000,6000,2547,1x late,2,7,-0.77,7.58,1,4,Award Winner,SNU Chennai,8.26
24,Male,Thanjavur,Private,75,87,Yes,9.01,12500,6000,4779,None,4,5,-0.15,6.64,3,2,Award Winner,Savitha,6.15
21,Female,Vellore,Online Platform,66,73,No,9.78,10000,5000,3531,2x late,3,6,-0.51,3.73,2,0,Competition Winner,Udemy,0
24,Female,Dindigul,Private,51,93,Yes,9.43,11000,5500,3575,1x late,3,7,-0.93,6.02,2,1,Social Impact Leader,VIT Vellore,10
21,Male,Papanasam,Govt,96,67,Yes,7.32,12000,6000,2850,None,3,3,-0.09,3.12,3,0,Patent Holder,IIT M,12
25,Female,Vellore,Online Platform,80,69,No,8.28,13000,7000,3400,2x late,1,3,0.65,5.75,1,2,Competition Winner,Coursera,0
23,Male,Thiruporur,Private,53,97,No,8.05,6500,6500,4983,None,1,3,0.05,5.98,3,4,Startup Founder,SNU Chennai,8.26
18,Male,Lalgudi,Online Platform,88,64,No,9.61,13000,6000,255,None,5,8,-0.82,9.22,3,0,Patent Holder,Udemy,0
18,Female,Velachery,Govt,56,90,No,7.57,8500,6500,3287,1x late,3,10,-0.46,4.84,2,1,Innovator,IIT M,12
24,Male,Thiruporur,Private,56,100,No,7.67,15000,5500,4942,1x late,1,8,0.7,7.94,2,0,Social Impact Leader,Sathyabama,5.2
18,Male,Tambaram,Private,64,71,No,6.27,5000,7000,3268,2x late,5,8,-0.19,7.47,1,4,Innovator,Savitha,6.15
22,Female,Chengalpattu,Private,91,76,No,8.68,8000,7000,926,2x late,1,5,0.18,4.41,2,0,Startup Founder,VIT Vellore,10
21,Female,Vallam,Private,82,85,No,6.14,15000,5000,4806,2x late,4,4,-0.07,5.69,3,1,Research Publication,Sathyabama,5.2
21,Male,Tiruchirapalli,Online Platform,71,67,Yes,9.78,7000,7000,2374,2x late,2,3,0.44,8,1,2,Research Publication,Udemy,0
23,Male,Tambaram,Govt,50,88,Yes,7.56,11000,5500,1945,2x late,1,10,-0.26,5.7,1,4,Innovator,IIT M,12
18,Female,Thiruporur,Online Platform,74,97,Yes,9.59,9500,5500,610,2x late,5,8,-0.84,8,3,1,Patent Holder,Distance Degree,0
23,Male,Madurai,Online Platform,86,63,Yes,8.9,8000,6500,3895,2x late,2,3,-0.19,4.48,1,3,Patent Holder,Udemy,0
24,Male,Urapakkam,Govt,94,69,Yes,9.21,7000,6000,1244,1x late,3,7,0.24,2.68,3,1,Competition Winner,IIIT Kanchipuram,8.6
18,Female,Tambaram,Private,60,87,Yes,8.05,7000,7000,881,1x late,2,8,0.89,8.14,3,3,Social Impact Leader,Sastra,7.6
22,Male,Pattukkottai,Private,94,65,No,7.65,6500,6000,4988,1x late,4,7,0.9,4.67,3,3,Award Winner,SNU Chennai,8.26
21,Male,Pattukkottai,Online Platform,62,72,No,8.42,13000,5000,141,2x late,1,3,0.86,9.91,3,0,Startup Founder,Coursera,0
18,Male,Chennai,Private,71,62,Yes,5.74,15000,7000,146,1x late,5,7,0.48,2.26,1,3,Startup Founder,Savitha,6.15
18,Female,Sholinganallur,Online Platform,71,63,No,8.07,9500,6000,488,1x late,5,3,-0.29,3.37,1,0,Startup Founder,Distance Degree,0
24,Female,Siruseri,Govt,87,89,Yes,7.46,6500,5000,2163,1x late,2,2,-0.66,9.23,2,1,Social Impact Leader,IIIT Kanchipuram,8.6
18,Female,Dindigul,Private,77,65,No,6.08,5000,6000,1779,1x late,1,7,-0.25,9.1,3,4,Competition Winner,Sathyabama,5.2
22,Female,Urapakkam,Govt,78,93,Yes,5.93,13000,6000,3541,None,1,4,0.05,8,3,1,Patent Holder,NIT Trichy,9.2
21,Male,Karur,Online Platform,81,64,Yes,7.38,13000,6000,1340,1x late,2,8,-0.04,7.6,2,2,Startup Founder,Coursera,0
19,Male,Tambaram,Govt,55,70,No,5.67,13000,7000,2929,2x late,3,6,0.58,9.32,3,4,Social Impact Leader,NIT Trichy,9.2
20,Male,Kumbakonam,Private,63,98,Yes,8.03,7500,6500,3926,1x late,4,8,0.95,2.95,1,3,None,Sastra,7.6
19,Male,Oragadam,Govt,50,81,No,8.68,9000,6000,4053,None,3,5,-0.36,7.25,1,4,Startup Founder,NIT Trichy,9.2
20,Male,Kanchipuram,Private,84,78,Yes,6.61,7000,6000,3292,None,3,3,0.43,7.42,2,0,Research Publication,Savitha,6.15
19,Male,Chengalpattu,Online Platform,83,61,Yes,9.21,15000,6500,4341,None,3,9,-0.54,9.03,3,2,Research Publication,Distance Degree,0
19,Male,Pattukkottai,Private,71,82,No,9.31,11500,6500,213,None,2,5,0.02,7.47,1,0,Research Publication,VIT Vellore,10
23,Male,Thiruporur,Govt,88,85,No,6.26,11000,6000,3695,None,4,3,-0.33,2.73,2,1,None,IIIT Kanchipuram,8.6
21,Male,Velachery,Online Platform,78,90,Yes,7.65,6000,6500,853,1x late,2,8,-0.54,4.49,3,0,Startup Founder,Coursera,0
20,Female,Chennai,Govt,70,75,Yes,7.22,12500,6500,2411,None,4,7,-0.81,4.55,1,2,Social Impact Leader,IIT M,12
22,Male,Sholinganallur,Online Platform,80,72,Yes,8.42,8000,5000,709,2x late,1,8,0.97,3,1,1,Research Publication,Coursera,0
22,Female,Kumbakonam,Online Platform,70,70,Yes,9.67,8000,5500,4250,2x late,3,2,0.96,7.96,3,1,Competition Winner,Udemy,0
24,Male,Velachery,Online Platform,84,82,Yes,6.26,6500,6500,4716,2x late,1,9,-0.84,3.62,2,3,Startup Founder,Coursera,0
21,Male,Siruseri,Private,56,90,Yes,7.69,7500,5500,3256,2x late,4,1,-0.97,4.57,3,1,Patent Holder,VIT Vellore,10
23,Female,Tambaram,Private,77,84,No,8.02,10500,5000,3345,2x late,3,5,0.22,4.14,1,4,Award Winner,SNU Chennai,8.26
20,Male,Vellore,Private,72,77,No,6.27,14500,7000,3993,None,3,9,0.87,2.47,1,0,Innovator,SNU Chennai,8.26
25,Male,Thiruporur,Private,91,93,No,8.23,6500,6500,1431,1x late,3,9,-0.75,4.01,3,1,Innovator,Sathyabama,5.2
25,Male,Thanjavur,Private,78,73,Yes,6.54,13000,5500,1851,1x late,4,4,-0.6,3.57,2,2,Innovator,Savitha,6.15
20,Male,Padappai,Private,52,97,Yes,6.95,5500,6000,4139,None,5,6,0.55,7.89,2,4,Patent Holder,SNU Chennai,8.26
19,Male,Tiruchirapalli,Govt,77,63,Yes,7.75,10000,6000,3423,None,2,3,0.56,6.78,2,2,Competition Winner,NIT Trichy,9.2
25,Male,Pattukkottai,Online Platform,67,63,Yes,8.16,12000,6500,222,1x late,4,7,-0.29,8.79,2,2,Patent Holder,Distance Degree,0
25,Male,Tiruvallur,Online Platform,88,66,Yes,8.36,9500,7000,4171,1x late,4,5,0.75,7.87,1,4,Social Impact Leader,Udemy,0
18,Male,Tiruchirapalli,Private,62,92,No,8.06,10500,6000,313,2x late,4,3,-0.94,8.79,2,0,Startup Founder,Sastra,7.6
24,Male,Sriperumbudur,Private,75,89,No,8.46,9500,5500,4328,None,4,8,-0.93,8.65,2,3,Award Winner,VIT Vellore,10
24,Male,Avadi,Online Platform,92,70,No,5.69,12000,7000,726,1x late,4,5,-0.85,5.91,2,4,Startup Founder,Udemy,0
23,Male,Padappai,Private,69,87,Yes,7.92,10000,7000,2072,None,5,10,-0.76,5.52,1,2,Social Impact Leader,Sastra,7.6
21,Male,Tambaram,Private,55,65,No,7.14,5000,6500,3229,1x late,1,4,0.7,7.47,2,0,Social Impact Leader,Savitha,6.15
20,Female,Lalgudi,Private,79,94,Yes,9.05,9000,6000,2960,None,2,8,-1,3.98,3,1,None,VIT Vellore,10
18,Male,Tambaram,Private,76,95,No,5.6,14000,6000,972,1x late,5,5,0.36,9.42,1,4,Patent Holder,Sathyabama,5.2
23,Male,Thanjavur,Online Platform,76,92,No,5.76,7000,5500,2570,2x late,2,3,0.38,8.04,1,1,Innovator,Udemy,0
22,Male,Siruseri,Private,100,87,Yes,6.54,11000,5000,2681,2x late,4,9,-0.27,3.86,2,4,None,Sastra,7.6
23,Female,Karaikal,Online Platform,62,67,No,7.81,9000,5500,1435,1x late,2,7,0.32,9.11,1,3,Startup Founder,Udemy,0
23,Male,Thanjavur,Private,50,75,Yes,7.54,9000,5500,915,None,3,4,0.28,5.11,3,2,None,Sathyabama,5.2
19,Male,Vellore,Govt,98,65,No,9.66,13000,7000,2080,2x late,5,3,-0.8,7.07,1,4,Award Winner,IIIT Kanchipuram,8.6
24,Female,Oragadam,Govt,78,89,Yes,5.75,5500,6000,1500,None,2,9,0.65,4.08,1,3,Competition Winner,IIIT Kanchipuram,8.6
19,Female,Kumbakonam,Private,82,100,No,9.42,7000,6500,1916,None,1,10,-0.4,6.18,3,4,Competition Winner,Sastra,7.6
25,Female,Chennai,Govt,65,80,No,9.66,9500,5500,3948,1x late,5,3,0.56,8.74,1,0,Innovator,IIIT Kanchipuram,8.6
19,Male,Pattukkottai,Private,78,64,No,6.15,11000,5500,3245,2x late,4,7,-0.94,7.16,3,1,Innovator,Savitha,6.15
23,Male,Dindigul,Govt,66,71,Yes,9.97,11000,5000,1823,1x late,4,5,-0.59,9.13,3,0,Patent Holder,NIT Trichy,9.2
20,Female,Avadi,Govt,60,83,No,9.77,15000,5500,4680,None,5,10,0.27,9.25,2,2,None,IIIT Kanchipuram,8.6
24,Female,Kumbakonam,Private,75,68,Yes,6.54,8500,5000,341,None,5,6,-0.84,3.05,1,4,Research Publication,Sastra,7.6
20,Male,Karur,Private,100,84,No,8.38,6500,7000,3024,None,3,6,0.27,7.15,3,1,Research Publication,Sathyabama,5.2
24,Male,Siruseri,Private,62,94,No,9.28,9000,5500,2440,2x late,3,6,-0.1,6.38,1,1,Innovator,Sastra,7.6
20,Male,Padappai,Online Platform,100,82,Yes,7.74,12000,6500,621,1x late,2,9,0.31,5.41,1,0,Social Impact Leader,Coursera,0
21,Female,Tambaram,Private,86,76,No,7.79,11000,7000,2221,1x late,3,6,-0.14,9.43,1,1,Award Winner,Savitha,6.15
22,Female,Pattukkottai,Online Platform,86,63,No,8.03,8000,7000,1058,1x late,3,8,-0.52,8.44,3,0,None,Distance Degree,0
21,Male,Siruseri,Online Platform,74,61,Yes,8.85,11500,7000,408,1x late,5,2,0.89,5.93,2,0,Award Winner,Coursera,0
23,Female,Siruseri,Online Platform,69,77,No,7.93,8000,7000,2360,2x late,4,8,0.58,7.45,3,1,Competition Winner,Coursera,0
21,Female,Vallam,Private,64,77,Yes,6.5,7000,6500,3582,None,1,5,0.22,3.77,1,0,Startup Founder,VIT Vellore,10
21,Female,Tiruvallur,Govt,93,87,Yes,9.32,10500,6000,2744,None,2,7,-0.73,5.4,1,4,Innovator,IIT M,12
18,Female,Vellore,Private,57,80,No,8.84,15000,6000,4737,1x late,3,4,0.79,4.34,2,1,Social Impact Leader,SNU Chennai,8.26
22,Male,Urapakkam,Online Platform,53,64,Yes,5.99,7500,7000,4702,1x late,2,1,-0.84,3.2,3,3,Award Winner,Distance Degree,0
22,Male,Urapakkam,Govt,88,88,Yes,7.18,7500,7000,926,1x late,1,5,0.57,6.72,3,1,Innovator,NIT Trichy,9.2
22,Female,Avadi,Private,89,97,Yes,6.15,15000,7000,4693,None,3,7,0.41,6.69,1,0,Award Winner,Sastra,7.6
21,Male,Thanjavur,Govt,91,95,No,7.77,5500,7000,1401,1x late,5,3,0.49,7.26,3,0,None,IIIT Kanchipuram,8.6
24,Male,Tiruchirapalli,Private,96,79,No,8.19,10500,6000,2418,1x late,5,2,-0.41,5.71,2,4,Startup Founder,Sathyabama,5.2
25,Male,Velachery,Private,80,72,Yes,9.65,14000,6000,3969,None,4,7,0.29,5.25,2,4,Startup Founder,VIT Vellore,10
21,Male,Karaikal,Govt,52,98,No,6.2,6500,5000,488,2x late,1,9,0.98,7.53,2,1,Startup Founder,IIT M,12
18,Male,Madurai,Govt,69,73,No,9.8,6500,6500,4818,None,3,2,0.93,9.7,3,0,Competition Winner,IIIT Kanchipuram,8.6
24,Female,Thanjavur,Govt,68,81,No,6.8,7500,5500,4630,1x late,3,1,-0.28,8.2,2,1,Innovator,IIIT Kanchipuram,8.6
23,Male,Thiruporur,Govt,76,71,Yes,6.09,12000,7000,2246,1x late,3,9,0.5,9.7,1,0,Research Publication,IIT M,12
21,Male,Sholinganallur,Govt,100,67,Yes,7.03,8000,5500,718,1x late,2,10,-0.95,8.4,3,2,Innovator,IIIT Kanchipuram,8.6
19,Female,Vellore,Online Platform,54,90,Yes,9.7,13000,5500,4982,2x late,1,2,0.31,5.83,2,0,Innovator,Udemy,0
18,Female,Chengalpattu,Online Platform,84,87,Yes,8.05,7000,7000,3728,1x late,1,5,0.56,3.85,3,3,Startup Founder,Udemy,0
20,Male,Chengalpattu,Online Platform,79,92,Yes,6.61,10500,7000,4844,None,2,7,-0.83,2.15,3,0,Research Publication,Distance Degree,0
20,Female,Chennai,Private,96,84,No,8.01,10000,5500,2375,1x late,3,1,-0.62,4.91,1,2,Innovator,VIT Vellore,10
21,Male,Tiruvallur,Private,97,75,Yes,9.46,14000,6000,1363,1x late,3,9,0.79,5.03,3,3,None,Sastra,7.6
23,Male,Padappai,Govt,82,95,Yes,8.03,8500,6500,3893,1x late,2,4,0.32,3.95,3,3,Social Impact Leader,IIT M,12
22,Female,Madurai,Private,74,72,No,9.23,6500,7000,2427,2x late,1,8,0.86,5.09,3,4,Startup Founder,Savitha,6.15
24,Male,Vellore,Govt,83,90,Yes,9.64,9000,6500,3899,2x late,5,1,-0.39,9.43,1,0,Research Publication,IIT M,12
20,Female,Chengalpattu,Online Platform,84,79,No,7.81,5500,6000,1732,None,4,1,-0.74,7.46,1,0,Innovator,Udemy,0
20,Male,Thanjavur,Online Platform,54,68,Yes,6.77,11500,5500,4338,2x late,2,6,0.87,8.51,3,1,Innovator,Distance Degree,0
19,Male,Sholinganallur,Private,50,80,Yes,5.78,11000,6000,1033,None,2,9,0.01,7.11,3,1,Research Publication,Sastra,7.6
25,Male,Chengalpattu,Online Platform,59,99,Yes,8.38,8000,7000,4797,1x late,4,2,-0.18,8.41,2,2,Research Publication,Udemy,0
18,Male,Papanasam,Online Platform,83,99,No,9.22,14500,5000,3159,None,4,2,1,3.4,3,4,Research Publication,Coursera,0
23,Male,Thanjavur,Online Platform,99,65,Yes,6.04,6500,5000,4901,2x late,2,7,0.91,5.5,1,0,Award Winner,Coursera,0
23,Female,Sholinganallur,Private,92,99,No,8.6,13500,6500,3425,1x late,1,5,0.68,6.26,1,0,Patent Holder,SNU Chennai,8.26
22,Female,Sriperumbudur,Private,88,81,No,7.05,6000,6000,2223,2x late,4,8,-0.81,5.49,1,1,Research Publication,Sastra,7.6
18,Male,Karaikal,Online Platform,81,99,Yes,9.4,8000,6500,1623,None,4,1,0.67,7.68,2,4,Award Winner,Coursera,0
20,Male,Madurai,Private,53,99,Yes,7.21,8000,5500,4932,2x late,1,7,0,3.25,3,0,None,Sathyabama,5.2
18,Male,Vallam,Govt,92,88,No,7.07,14500,5000,1806,2x late,4,6,0.16,8.02,2,0,Social Impact Leader,IIIT Kanchipuram,8.6
24,Male,Chengalpattu,Online Platform,63,91,No,9.47,12500,7000,2586,1x late,1,4,0.85,9.29,2,2,None,Distance Degree,0
23,Female,Chennai,Private,83,69,Yes,8.63,15000,6000,758,2x late,1,5,-0.85,3.73,3,2,Innovator,Savitha,6.15
23,Male,Pattukkottai,Online Platform,77,85,No,8.6,14500,6500,3089,1x late,4,9,0.11,6.68,2,4,Award Winner,Coursera,0
23,Male,Tiruvallur,Private,65,94,No,5.95,9000,5000,1021,None,1,10,-0.4,5.1,1,3,Award Winner,Savitha,6.15
21,Male,Tiruvallur,Online Platform,82,63,No,8.55,7500,5000,1013,1x late,3,9,0.29,3.91,1,2,Social Impact Leader,Distance Degree,0
21,Male,Karaikal,Govt,66,76,Yes,8.49,13500,5000,936,None,2,7,-0.07,5.38,3,0,Social Impact Leader,IIT M,12
20,Male,Vallam,Online Platform,96,97,Yes,8.15,12000,6000,2094,2x late,4,9,0.9,4.56,3,2,Startup Founder,Distance Degree,0
24,Female,Madurai,Private,77,69,Yes,9.46,11000,6500,9,None,3,5,0.93,3.78,3,0,Patent Holder,Sathyabama,5.2
20,Male,Pattukkottai,Private,91,62,Yes,8.52,10000,6000,3408,None,5,9,-0.43,7.21,1,1,Patent Holder,Sastra,7.6
18,Female,Chengalpattu,Online Platform,87,92,No,8.66,14000,7000,494,2x late,5,7,-0.46,8.99,3,0,Research Publication,Udemy,0
25,Male,Tambaram,Govt,92,62,Yes,8.8,14500,6000,4310,1x late,3,2,-0.88,8.88,1,2,Social Impact Leader,IIT M,12
21,Male,Thiruporur,Private,98,67,Yes,7.61,8500,6000,854,1x late,1,4,-0.22,5.81,2,2,Social Impact Leader,VIT Vellore,10
22,Male,Chengalpattu,Online Platform,67,68,No,5.74,15000,7000,3911,1x late,2,7,-0.81,5.15,2,1,Patent Holder,Distance Degree,0
23,Female,Padappai,Govt,80,71,Yes,9.93,5000,7000,4998,1x late,3,10,0.9,3.58,3,4,Research Publication,IIIT Kanchipuram,8.6
20,Female,Siruseri,Private,81,75,No,8.11,11500,6500,2904,None,2,4,-0.3,4.19,1,1,Social Impact Leader,SNU Chennai,8.26
21,Female,Kanchipuram,Private,64,80,No,8.22,15000,6500,3495,2x late,3,7,0.31,6.14,1,1,Competition Winner,SNU Chennai,8.26
22,Female,Avadi,Online Platform,79,96,Yes,9.41,5500,5000,3470,None,2,10,-0.96,4.41,2,2,Innovator,Coursera,0
24,Male,Chennai,Govt,75,67,Yes,8.07,9000,6000,143,None,2,9,0.52,9.65,1,3,Innovator,IIIT Kanchipuram,8.6
24,Female,Dindigul,Govt,77,68,No,8.17,10000,7000,8,1x late,4,3,0.85,9.67,1,0,None,NIT Trichy,9.2
23,Male,Lalgudi,Private,73,89,No,6.3,11500,6500,4722,2x late,3,10,0.35,3.94,1,0,Competition Winner,Savitha,6.15
23,Male,Tiruvallur,Govt,79,86,No,8.96,10500,6500,515,None,5,4,0.47,9.56,1,1,Award Winner,NIT Trichy,9.2
21,Male,Tiruchirapalli,Online Platform,79,85,Yes,6.01,5500,6000,644,2x late,3,8,-0.61,7.98,1,3,Competition Winner,Distance Degree,0
22,Male,Karur,Private,80,73,No,9.6,5000,6000,2794,2x late,3,6,-0.48,5.98,1,0,Research Publication,Sathyabama,5.2
23,Male,Tiruchirapalli,Govt,75,78,Yes,6.38,14500,5000,1973,1x late,4,6,-0.26,6.63,2,0,Competition Winner,IIIT Kanchipuram,8.6
22,Male,Pattukkottai,Private,58,72,Yes,7.13,12500,5000,1522,2x late,1,2,0.61,7.6,3,3,Research Publication,Sathyabama,5.2
25,Female,Madurai,Private,51,94,Yes,7.28,9000,6500,3510,None,2,1,-0.09,4.26,3,1,Patent Holder,Savitha,6.15
19,Male,Padappai,Private,57,100,No,9.82,11500,5500,3832,1x late,2,2,-0.81,6.62,2,0,Social Impact Leader,Sathyabama,5.2
21,Female,Karaikal,Private,78,82,No,7.78,10500,5500,1031,2x late,1,8,0.08,6.86,2,4,None,Sathyabama,5.2
25,Female,Tiruvallur,Govt,93,63,No,6.86,8000,6000,4999,None,2,6,0.55,5.2,1,3,Innovator,IIT M,12
22,Female,Karaikal,Online Platform,91,75,No,5.54,13000,5500,4238,1x late,1,3,-0.26,2.57,2,2,Startup Founder,Distance Degree,0
22,Male,Velachery,Online Platform,97,88,Yes,6.35,8000,5500,1815,2x late,4,9,0.09,7.75,3,2,Award Winner,Distance Degree,0
19,Female,Tiruchirapalli,Online Platform,88,86,Yes,9.36,9500,7000,4918,2x late,4,4,-0.27,3.95,3,3,Research Publication,Distance Degree,0
18,Female,Dindigul,Private,59,63,No,8.38,6500,6500,2515,2x late,1,7,0.81,6.7,2,2,None,SNU Chennai,8.26
19,Male,Sriperumbudur,Online Platform,68,96,Yes,6.38,15000,5000,4270,1x late,3,5,0.52,6.49,1,0,Patent Holder,Udemy,0
22,Male,Chengalpattu,Govt,57,61,Yes,6.65,9000,7000,4475,1x late,3,4,-0.71,2.33,2,0,Innovator,NIT Trichy,9.2
21,Female,Dindigul,Govt,59,84,Yes,6.17,15000,6000,2570,1x late,5,8,0.71,8.79,2,1,None,IIT M,12
21,Male,Tiruvallur,Private,61,60,No,6.78,12500,6000,933,1x late,2,3,0.48,4.7,1,4,Startup Founder,Savitha,6.15
21,Male,Madurai,Online Platform,81,91,No,8.67,12500,5000,3121,1x late,4,10,-0.53,4.25,2,3,Research Publication,Udemy,0
25,Male,Sriperumbudur,Online Platform,93,97,Yes,6.94,14000,5000,2847,1x late,2,5,-0.55,7.49,1,4,Competition Winner,Distance Degree,0
24,Male,Padappai,Govt,92,79,No,5.68,7000,6500,1722,1x late,3,9,-0.12,4.23,1,0,Patent Holder,IIT M,12
21,Male,Padappai,Govt,87,68,No,5.58,12000,5500,3505,None,3,4,0.24,3.32,1,1,Competition Winner,IIIT Kanchipuram,8.6
23,Male,Siruseri,Private,77,63,Yes,7.86,7000,7000,1777,None,5,8,0.13,4.22,2,1,Competition Winner,Sastra,7.6
25,Male,Sholinganallur,Private,72,100,Yes,8.94,6500,5000,3834,None,2,4,-0.86,3.12,1,0,Social Impact Leader,Sastra,7.6
21,Male,Sholinganallur,Private,87,75,Yes,7.72,6000,7000,2055,1x late,3,6,-0.13,5.59,3,4,Patent Holder,Sathyabama,5.2
23,Female,Vallam,Private,80,87,No,9.94,11500,5500,2791,2x late,4,5,0.84,2.79,1,0,Research Publication,VIT Vellore,10
21,Male,Pattukkottai,Online Platform,84,94,No,9.61,7500,5000,2618,2x late,1,3,-0.54,6.42,1,2,Patent Holder,Distance Degree,0
21,Male,Thiruporur,Private,88,85,Yes,6.21,12500,6500,2646,2x late,5,7,-0.74,6.04,2,0,Innovator,Sastra,7.6
23,Male,Pattukkottai,Govt,74,67,Yes,5.9,6000,6000,2454,1x late,4,1,0,7.74,2,4,Competition Winner,NIT Trichy,9.2
25,Male,Pattukkottai,Govt,53,91,Yes,9.51,11000,7000,4300,2x late,4,6,0.1,7.05,3,3,None,IIIT Kanchipuram,8.6
19,Female,Karur,Online Platform,71,98,Yes,9.03,11500,6500,2599,None,4,2,0.16,8.02,2,3,Competition Winner,Udemy,0
21,Male,Vallam,Online Platform,65,74,No,8.73,11500,5500,545,1x late,5,9,-0.28,4.6,3,1,Competition Winner,Udemy,0
22,Male,Thiruporur,Private,96,83,No,6.05,12500,7000,149,None,3,9,0.2,8.74,3,3,Research Publication,SNU Chennai,8.26
24,Female,Karur,Online Platform,73,78,Yes,8.69,10500,5500,4247,1x late,4,6,-0.65,8.47,1,4,Competition Winner,Coursera,0
24,Male,Karur,Private,59,61,Yes,8.78,14500,5000,4176,2x late,1,5,0.98,2.15,1,1,Award Winner,Sastra,7.6
20,Male,Siruseri,Online Platform,91,77,Yes,8.64,13500,6500,2330,2x late,5,9,0.63,4.48,3,4,Patent Holder,Udemy,0
22,Female,Tiruchirapalli,Private,52,74,No,9.17,9000,7000,2069,1x late,1,8,0.6,8.53,1,1,Award Winner,VIT Vellore,10
22,Female,Urapakkam,Online Platform,53,76,Yes,6.46,12500,6500,4340,1x late,3,5,0.95,6.18,2,2,Social Impact Leader,Coursera,0
19,Male,Sholinganallur,Private,99,83,No,5.73,15000,6500,1188,2x late,4,5,0.36,2.43,2,3,Startup Founder,SNU Chennai,8.26
23,Male,Oragadam,Private,72,65,No,7.6,9000,6500,4270,2x late,4,4,0.87,4.42,2,2,Award Winner,SNU Chennai,8.26
22,Female,Tiruvallur,Online Platform,82,79,No,5.95,14500,6000,1174,2x late,1,2,-0.78,4.42,3,4,Social Impact Leader,Coursera,0
23,Male,Karur,Online Platform,85,77,No,9.2,6000,6000,1562,1x late,2,10,0.82,9.12,3,4,Competition Winner,Udemy,0
25,Female,Karaikal,Online Platform,84,79,Yes,7.01,5000,6000,2824,2x late,3,10,-0.86,7.81,1,0,None,Distance Degree,0
18,Female,Siruseri,Govt,94,86,No,8.82,14000,6000,1011,2x late,4,3,-0.27,5.92,2,4,Award Winner,IIIT Kanchipuram,8.6
22,Male,Urapakkam,Govt,75,72,No,6.81,14500,5000,710,2x late,2,8,-0.41,4.66,3,3,Patent Holder,NIT Trichy,9.2
19,Female,Karaikal,Govt,68,61,Yes,6.11,10000,7000,848,1x late,5,5,0.72,8.07,1,1,Patent Holder,IIIT Kanchipuram,8.6
21,Male,Lalgudi,Private,83,97,No,6.76,11500,6000,3501,1x late,5,5,-0.64,3.83,2,2,None,Sastra,7.6
25,Male,Papanasam,Online Platform,95,72,No,8.97,5500,5500,3691,2x late,3,8,0.49,8.19,2,0,Award Winner,Udemy,0
24,Female,Dindigul,Private,62,63,No,6.64,9500,7000,2667,2x late,1,8,-0.17,8.49,3,3,Research Publication,Sathyabama,5.2
19,Male,Chengalpattu,Govt,79,68,Yes,5.99,6000,5000,1395,1x late,4,6,0.27,6.72,1,4,Social Impact Leader,IIT M,12
25,Male,Kumbakonam,Govt,64,82,No,7.3,9500,5500,912,1x late,5,3,-0.86,5.66,1,2,Research Publication,NIT Trichy,9.2
25,Female,Sholinganallur,Private,77,81,No,6.98,12500,6000,3271,None,5,8,-0.87,3.3,3,1,Innovator,Sastra,7.6
20,Male,Oragadam,Private,65,92,Yes,7.74,11000,7000,4423,None,5,4,-0.02,7.26,2,4,Patent Holder,SNU Chennai,8.26
20,Female,Madurai,Govt,94,71,Yes,6.81,5000,6000,416,2x late,3,9,0.61,8.56,2,0,Startup Founder,NIT Trichy,9.2
22,Male,Papanasam,Govt,63,83,Yes,7.01,9500,5000,2117,2x late,3,5,-0.27,6.4,1,4,Innovator,IIIT Kanchipuram,8.6
21,Male,Madurai,Private,50,79,Yes,9.55,11500,5000,2124,1x late,5,8,0.48,2.01,3,3,Startup Founder,SNU Chennai,8.26
22,Male,Tiruvallur,Govt,94,70,No,7.54,13000,5500,1087,None,3,2,-0.43,2.89,3,2,Innovator,IIIT Kanchipuram,8.6
19,Female,Pattukkottai,Govt,68,92,Yes,9.51,13500,6500,1125,None,3,3,0.38,3.77,1,0,Innovator,NIT Trichy,9.2
18,Male,Karur,Online Platform,67,67,Yes,9.89,14500,5000,4557,1x late,1,5,-0.48,8.51,1,4,Social Impact Leader,Distance Degree,0
19,Male,Vellore,Private,85,76,No,7.03,5000,7000,3654,2x late,2,8,0.93,4.77,3,3,None,Sastra,7.6
18,Male,Oragadam,Private,60,74,No,7.89,15000,5500,317,None,3,8,-0.34,2.58,2,4,Startup Founder,VIT Vellore,10
23,Male,Karur,Private,66,67,No,6.48,13500,7000,3007,1x late,3,1,-0.35,4.04,1,3,Research Publication,Savitha,6.15
21,Female,Karur,Govt,83,100,No,8.4,6500,6000,3072,2x late,5,5,-0.42,4.85,3,3,Research Publication,IIIT Kanchipuram,8.6
20,Female,Chengalpattu,Private,92,77,No,7.87,14500,7000,1011,2x late,3,8,0.82,3.92,2,1,Innovator,Sathyabama,5.2
23,Female,Dindigul,Online Platform,95,74,No,6.83,10000,6500,858,None,1,10,-1,6.24,3,0,Research Publication,Udemy,0
25,Female,Tiruvallur,Govt,55,87,No,6.57,9000,7000,1576,2x late,4,2,0.9,7.84,1,2,None,IIIT Kanchipuram,8.6
22,Female,Papanasam,Govt,68,69,No,7.3,11000,5000,99,None,4,10,0.73,4.05,1,1,None,NIT Trichy,9.2
25,Male,Chengalpattu,Online Platform,59,70,No,7.47,6000,6000,1139,2x late,4,4,0.08,5.25,2,4,Competition Winner,Coursera,0
22,Male,Vallam,Govt,50,86,Yes,8.76,10000,6000,3562,None,4,10,0.99,4.73,1,4,Innovator,NIT Trichy,9.2
25,Male,Thiruporur,Online Platform,52,72,No,9.34,11000,7000,4631,None,3,7,-0.73,9.2,1,0,Patent Holder,Coursera,0
18,Male,Urapakkam,Govt,71,95,Yes,8.68,5500,6000,4148,2x late,5,2,0.93,4.13,3,1,Patent Holder,IIT M,12
19,Female,Siruseri,Private,58,84,No,5.57,5500,6000,4571,1x late,5,7,0.13,5.26,1,4,None,SNU Chennai,8.26
19,Male,Vellore,Online Platform,53,88,Yes,7.32,9500,5500,3107,2x late,5,1,-0.76,5.46,2,3,Competition Winner,Coursera,0
18,Male,Thanjavur,Private,98,83,No,6.72,10500,5500,2505,1x late,3,8,0.57,8.92,2,2,Award Winner,Sastra,7.6
18,Male,Oragadam,Govt,62,78,No,9.51,15000,5500,1653,2x late,5,9,-0.03,5.19,2,3,Innovator,IIT M,12
21,Male,Karur,Online Platform,71,80,No,7.69,11500,5500,3247,1x late,1,7,0.76,6.17,2,2,Innovator,Udemy,0
19,Male,Kanchipuram,Online Platform,87,75,Yes,7.67,7500,6500,2838,1x late,2,8,0.49,2.14,1,0,Patent Holder,Coursera,0
22,Male,Karaikal,Online Platform,87,60,Yes,7.31,6500,6000,3935,None,1,8,0.96,9.72,1,2,None,Udemy,0
25,Male,Kumbakonam,Govt,78,81,Yes,7,14000,6000,4724,1x late,3,6,0.08,8.26,1,3,None,IIIT Kanchipuram,8.6
20,Male,Dindigul,Online Platform,79,98,Yes,8.87,6500,6500,1041,None,4,1,-0.87,9.75,1,1,Patent Holder,Coursera,0
23,Female,Avadi,Online Platform,89,71,Yes,9.79,5000,5000,2988,1x late,5,1,0.2,9.55,1,0,None,Udemy,0
19,Female,Vellore,Online Platform,98,64,No,8.36,12000,5500,1536,None,1,4,-0.15,9.12,3,4,Patent Holder,Distance Degree,0
25,Male,Chennai,Govt,69,66,No,5.53,7500,5000,3732,None,1,8,-0.61,3.71,1,0,Competition Winner,IIT M,12
23,Female,Urapakkam,Private,80,62,No,7.23,14500,6000,3350,2x late,3,2,0.63,3.59,2,0,Social Impact Leader,Sastra,7.6
20,Male,Vallam,Private,67,94,No,9.1,7000,7000,4265,None,5,2,0.2,9.89,3,4,Competition Winner,Sastra,7.6
23,Female,Padappai,Govt,51,87,No,6.09,10500,5000,91,None,4,7,0.37,2.54,1,2,Innovator,IIT M,12
18,Female,Urapakkam,Private,82,78,Yes,8.54,12000,6500,3736,None,4,4,-0.42,3.04,2,2,Patent Holder,Sathyabama,5.2
22,Female,Tambaram,Private,83,76,Yes,7.64,7000,7000,1383,1x late,4,8,-0.28,4.66,2,4,Research Publication,SNU Chennai,8.26
18,Female,Papanasam,Online Platform,63,63,No,6.08,11000,5500,3103,2x late,1,4,0.7,6.21,1,2,Startup Founder,Coursera,0
22,Female,Lalgudi,Govt,55,77,No,9.44,7000,6500,607,None,2,8,-0.52,4.13,3,0,Innovator,IIT M,12
20,Female,Sriperumbudur,Govt,83,98,No,8.02,6500,6500,4451,1x late,1,4,-0.59,2.4,1,1,Research Publication,NIT Trichy,9.2
23,Male,Padappai,Private,91,86,No,7.92,13500,5500,4736,1x late,5,1,0.79,6.8,2,4,Competition Winner,Sathyabama,5.2
19,Male,Thanjavur,Private,76,96,Yes,8.55,9500,5000,3492,1x late,5,1,-0.39,5.63,1,4,Social Impact Leader,Sastra,7.6
19,Female,Oragadam,Govt,56,62,No,7.01,7000,6000,1619,2x late,2,3,-0.17,9.49,2,2,Patent Holder,IIIT Kanchipuram,8.6
18,Female,Chengalpattu,Govt,69,92,Yes,8.52,13500,6500,4059,1x late,5,4,0.21,9.89,2,0,Patent Holder,NIT Trichy,9.2
20,Female,Vallam,Govt,92,100,Yes,6.51,15000,7000,1634,None,2,8,0.73,5.29,1,1,None,IIT M,12
24,Female,Tambaram,Govt,58,67,Yes,7.85,6000,6000,3483,None,2,9,0.73,3.52,2,0,Innovator,NIT Trichy,9.2
24,Female,Oragadam,Private,72,85,Yes,7.77,8500,5500,1822,2x late,4,4,0.25,2.15,3,1,None,Sastra,7.6
22,Male,Kumbakonam,Govt,61,68,No,9.91,9000,6000,2932,1x late,5,3,0.78,2.5,2,4,Patent Holder,IIT M,12
20,Male,Siruseri,Private,99,66,No,6.06,10000,6500,4414,None,3,9,0.3,2.13,2,2,Startup Founder,Sathyabama,5.2
